base_id,delta,alpha,beta,omega
0,0.16772546041219238,-0.4030177131717534,0.8142257405942803,0.5919159421350969
5,0.2056822995072799,0.022131947139154118,0.8912094095005791,1.2755639424726894
7,0.09824328880411462,-0.790912883134117,0.20190744752945033,1.3844496736882936
