delta,alpha,beta,omega,gamma,x_mean,x_rms,x_max,x_min,x_std,dom_freq,label_gamma,lyapunov,periodic,base_id
0.05606394622302311,1.8018547853037412,0.630655380351414,1.9178391154195902,1.6279741148513789,0.0012557308832688732,1.614111118942621,3.072289064529635,-3.1472521232164126,1.6141106304817363,0.30493899999999996,1.6279741148513789,-0.023926513869813038,True,0
0.04809938040753182,1.310810375281767,1.054718618190658,1.279349900276895,0.235039654891035,-0.0031024971828364145,0.6032573706216516,1.139729359702713,-1.145426430012549,0.6032493926400418,0.20495899999999997,0.235039654891035,-0.023787124043227047,True,1
0.07781617978073259,0.15257325287711287,0.9275707463985475,1.6614859254854468,1.5856546635290607,-0.0015628357296679327,1.4908261222282633,2.74834544648086,-2.8906998338123313,1.4908253030662724,0.26494699999999993,1.5856546635290607,-0.033129021813942276,True,2
